<?xml version="1.0" encoding="UTF-8"?>
<beans xmlns="http://www.springframework.org/schema/beans"
	xmlns:xsi="http://www.w3.org/2001/XMLSchema-instance"
	xmlns:context="http://www.springframework.org/schema/context"
	xmlns:mvc="http://www.springframework.org/schema/mvc"
	xsi:schemaLocation="http://www.springframework.org/schema/beans
        http://www.springframework.org/schema/beans/spring-beans-4.0.xsd 
        http://www.springframework.org/schema/context 
        http://www.springframework.org/schema/context/spring-context-4.0.xsd
        http://www.springframework.org/schema/mvc 
        http://www.springframework.org/schema/mvc/spring-mvc.xsd  ">

	<mvc:annotation-driven validator="validator" />
	<mvc:default-servlet-handler />
	<!-- @Controller 相当于 <bean id = "" class=""></bean> <bean id = "mySpringMvcDemo1" 
		class="day0202.MySpringMvcDemo1"></bean> -->
	<!-- 自动扫描指定的base-package="day0202" 中所有的@Controller 的类，并装载 所有的Controller类装载不要放在其他配置文件中 -->
	<context:component-scan
		base-package="com.capgemini.controller" />

	<bean id="viewResolver"
		class="org.springframework.web.servlet.view.UrlBasedViewResolver">
		<property name="viewClass"
			value="org.springframework.web.servlet.view.JstlView" />
		<property name="prefix" value="" />
		<property name="suffix" value=".jsp" />
	</bean>

	<!-- 国际化资源配置文件 -->
	<bean id="messageSource"
		class="org.springframework.context.support.ResourceBundleMessageSource">
		<property name="basename" value="i18n1"></property>
	</bean>
	<!--Spring mvc 读取国际化资源 -->
	<bean id="validator"
		class="org.springframework.validation.beanvalidation.LocalValidatorFactoryBean">
		<property name="validationMessageSource" ref="messageSource">
		</property>
	</bean>
	<bean id="multipartResolver"
		class="org.springframework.web.multipart.commons.CommonsMultipartResolver">
		<!-- 上传文件大小上限，单位为字节（10MB） -->
		<property name="maxUploadSize">
			<value>10485760</value>
		</property>
		<!-- 请求的编码格式，必须和jSP的pageEncoding属性一致， 以便正确读取表单的内容，默认为ISO-8859-1 -->
		<property name="defaultEncoding">
			<value>UTF-8</value>
		</property>
	</bean>

	<!-- 设置返回json的编码格式 -->
	<bean id="stringConverter"
		class="org.springframework.http.converter.StringHttpMessageConverter">
		<property name="supportedMediaTypes">
			<list>
				<value>application/json;charset=UTF-8</value>

			</list>
		</property>
	</bean>

	<bean id="jsonConverter"
		class="org.springframework.http.converter.json.MappingJackson2HttpMessageConverter"></bean>
	<bean
		class="org.springframework.web.servlet.mvc.annotation.AnnotationMethodHandlerAdapter">
		<property name="messageConverters">
			<list>
				<ref bean="stringConverter" />
				<ref bean="jsonConverter" />
			</list>
		</property>
	</bean>
</beans>
